-- phpMyAdmin SQL Dump
-- version 3.5.3
-- http://www.phpmyadmin.net
--
-- 主机: 127.0.0.1:3308
-- 生成日期: 2017 年 03 月 24 日 18:37
-- 服务器版本: 5.7.17
-- PHP 版本: 5.6.23

SET SQL_MODE="NO_AUTO_VALUE_ON_ZERO";
SET time_zone = "+00:00";


/*!40101 SET @OLD_CHARACTER_SET_CLIENT=@@CHARACTER_SET_CLIENT */;
/*!40101 SET @OLD_CHARACTER_SET_RESULTS=@@CHARACTER_SET_RESULTS */;
/*!40101 SET @OLD_COLLATION_CONNECTION=@@COLLATION_CONNECTION */;
/*!40101 SET NAMES utf8 */;

--
-- 数据库: `thunder_mac_appstore_admin`
--

-- --------------------------------------------------------

--
-- 表的结构 `t_action`
--

CREATE TABLE IF NOT EXISTS `t_action` (
  `id` int(11) unsigned NOT NULL AUTO_INCREMENT COMMENT '主键',
  `name` char(30) NOT NULL DEFAULT '' COMMENT '行为唯一标识',
  `title` char(80) NOT NULL DEFAULT '' COMMENT '行为说明',
  `remark` char(140) NOT NULL DEFAULT '' COMMENT '行为描述',
  `rule` text COMMENT '行为规则',
  `log` text COMMENT '日志规则',
  `type` tinyint(2) unsigned NOT NULL DEFAULT '1' COMMENT '类型',
  `status` tinyint(2) NOT NULL DEFAULT '0' COMMENT '状态',
  `update_time` int(11) unsigned NOT NULL DEFAULT '0' COMMENT '修改时间',
  PRIMARY KEY (`id`)
) ENGINE=MyISAM  DEFAULT CHARSET=utf8 ROW_FORMAT=DYNAMIC COMMENT='系统行为表' AUTO_INCREMENT=12 ;

-- --------------------------------------------------------

--
-- 表的结构 `t_action_log`
--

CREATE TABLE IF NOT EXISTS `t_action_log` (
  `id` int(10) unsigned NOT NULL AUTO_INCREMENT COMMENT '主键',
  `action_id` int(10) unsigned NOT NULL DEFAULT '0' COMMENT '行为id',
  `user_id` int(10) unsigned NOT NULL DEFAULT '0' COMMENT '执行用户id',
  `action_ip` bigint(20) NOT NULL COMMENT '执行行为者ip',
  `model` varchar(50) NOT NULL DEFAULT '' COMMENT '触发行为的表',
  `record_id` int(10) unsigned NOT NULL DEFAULT '0' COMMENT '触发行为的数据id',
  `remark` varchar(255) NOT NULL DEFAULT '' COMMENT '日志备注',
  `status` tinyint(2) NOT NULL DEFAULT '1' COMMENT '状态',
  `create_time` int(10) unsigned NOT NULL DEFAULT '0' COMMENT '执行行为的时间',
  PRIMARY KEY (`id`),
  KEY `action_ip_ix` (`action_ip`),
  KEY `action_id_ix` (`action_id`),
  KEY `user_id_ix` (`user_id`)
) ENGINE=MyISAM DEFAULT CHARSET=utf8 ROW_FORMAT=FIXED COMMENT='行为日志表' AUTO_INCREMENT=1 ;

-- --------------------------------------------------------

--
-- 表的结构 `t_addons`
--

CREATE TABLE IF NOT EXISTS `t_addons` (
  `id` int(10) unsigned NOT NULL AUTO_INCREMENT COMMENT '主键',
  `name` varchar(40) NOT NULL COMMENT '插件名或标识',
  `title` varchar(20) NOT NULL DEFAULT '' COMMENT '中文名',
  `description` text COMMENT '插件描述',
  `status` tinyint(1) NOT NULL DEFAULT '1' COMMENT '状态',
  `config` text COMMENT '配置',
  `author` varchar(40) DEFAULT '' COMMENT '作者',
  `version` varchar(20) DEFAULT '' COMMENT '版本号',
  `create_time` int(10) unsigned NOT NULL DEFAULT '0' COMMENT '安装时间',
  `has_adminlist` tinyint(1) unsigned NOT NULL DEFAULT '0' COMMENT '是否有后台列表',
  PRIMARY KEY (`id`)
) ENGINE=MyISAM  DEFAULT CHARSET=utf8 COMMENT='插件表' AUTO_INCREMENT=17 ;

--
-- 转存表中的数据 `t_addons`
--

INSERT INTO `t_addons` (`id`, `name`, `title`, `description`, `status`, `config`, `author`, `version`, `create_time`, `has_adminlist`) VALUES
(2, 'SiteStat', '站点统计信息', '统计站点的基础信息', 1, '{"title":"\\u7cfb\\u7edf\\u4fe1\\u606f","width":"1","display":"1","status":"0"}', 'thinkphp', '0.1', 1379512015, 0),
(3, 'DevTeam', '开发团队信息', '开发团队成员信息', 1, '{"title":"OneThink\\u5f00\\u53d1\\u56e2\\u961f","width":"2","display":"1"}', 'thinkphp', '0.1', 1379512022, 0),
(16, 'SystemInfo', '系统环境信息', '用于显示一些服务器的信息', 1, '{"title":"\\u7cfb\\u7edf\\u4fe1\\u606f","width":"2","display":"1"}', 'thinkphp', '0.1', 1455769333, 0);

-- --------------------------------------------------------

--
-- 表的结构 `t_administrator`
--

CREATE TABLE IF NOT EXISTS `t_administrator` (
  `uid` int(10) unsigned NOT NULL AUTO_INCREMENT COMMENT '用户ID',
  `username` char(16) NOT NULL COMMENT '用户名',
  `nickname` varchar(24) NOT NULL,
  `password` char(32) NOT NULL COMMENT '密码',
  `email` char(32) NOT NULL COMMENT '用户邮箱',
  `mobile` char(15) NOT NULL DEFAULT '' COMMENT '用户手机',
  `reg_time` int(10) unsigned NOT NULL DEFAULT '0' COMMENT '注册时间',
  `reg_ip` bigint(20) NOT NULL DEFAULT '0' COMMENT '注册IP',
  `last_login_time` int(10) unsigned NOT NULL DEFAULT '0' COMMENT '最后登录时间',
  `last_login_ip` bigint(20) NOT NULL DEFAULT '0' COMMENT '最后登录IP',
  `update_time` int(10) unsigned NOT NULL DEFAULT '0' COMMENT '更新时间',
  `status` tinyint(4) DEFAULT '0' COMMENT '用户状态',
  PRIMARY KEY (`uid`),
  UNIQUE KEY `username` (`username`),
  UNIQUE KEY `email` (`email`),
  KEY `status` (`status`)
) ENGINE=MyISAM  DEFAULT CHARSET=utf8 COMMENT='用户表' AUTO_INCREMENT=12 ;

--
-- 转存表中的数据 `t_administrator`
--

INSERT INTO `t_administrator` (`uid`, `username`, `nickname`, `password`, `email`, `mobile`, `reg_time`, `reg_ip`, `last_login_time`, `last_login_ip`, `update_time`, `status`) VALUES
(1, 'admin', 'admin', '97bf21e69b87454906dff353df50eee7', '81254648@qq.com', '18038045158', 0, 0, 1490350859, 3232244033, 0, 1);

-- --------------------------------------------------------

--
-- 表的结构 `t_attachment`
--

CREATE TABLE IF NOT EXISTS `t_attachment` (
  `id` int(10) unsigned NOT NULL AUTO_INCREMENT,
  `uid` int(10) unsigned NOT NULL DEFAULT '0' COMMENT '用户ID',
  `title` char(30) NOT NULL DEFAULT '' COMMENT '附件显示名',
  `type` tinyint(3) unsigned NOT NULL DEFAULT '0' COMMENT '附件类型',
  `source` int(10) unsigned NOT NULL DEFAULT '0' COMMENT '资源ID',
  `record_id` int(10) unsigned NOT NULL DEFAULT '0' COMMENT '关联记录ID',
  `download` int(10) unsigned NOT NULL DEFAULT '0' COMMENT '下载次数',
  `size` bigint(20) unsigned NOT NULL DEFAULT '0' COMMENT '附件大小',
  `dir` int(12) unsigned NOT NULL DEFAULT '0' COMMENT '上级目录ID',
  `sort` int(8) unsigned NOT NULL DEFAULT '0' COMMENT '排序',
  `create_time` int(10) unsigned NOT NULL DEFAULT '0' COMMENT '创建时间',
  `update_time` int(11) unsigned NOT NULL DEFAULT '0' COMMENT '更新时间',
  `status` tinyint(1) NOT NULL DEFAULT '0' COMMENT '状态',
  PRIMARY KEY (`id`),
  KEY `idx_record_status` (`record_id`,`status`)
) ENGINE=MyISAM DEFAULT CHARSET=utf8 COMMENT='附件表' AUTO_INCREMENT=1 ;

-- --------------------------------------------------------

--
-- 表的结构 `t_auth_extend`
--

CREATE TABLE IF NOT EXISTS `t_auth_extend` (
  `group_id` mediumint(10) unsigned NOT NULL COMMENT '用户id',
  `extend_id` mediumint(8) unsigned NOT NULL COMMENT '扩展表中数据的id',
  `type` tinyint(1) unsigned NOT NULL COMMENT '扩展类型标识 1:栏目分类权限;2:模型权限',
  UNIQUE KEY `group_extend_type` (`group_id`,`extend_id`,`type`),
  KEY `uid` (`group_id`),
  KEY `group_id` (`extend_id`)
) ENGINE=MyISAM DEFAULT CHARSET=utf8 COMMENT='用户组与分类的对应关系表';

--
-- 转存表中的数据 `t_auth_extend`
--

INSERT INTO `t_auth_extend` (`group_id`, `extend_id`, `type`) VALUES
(1, 1, 1),
(1, 1, 2),
(1, 2, 1),
(1, 2, 2),
(1, 3, 1),
(1, 3, 2),
(1, 4, 1),
(1, 37, 1);

-- --------------------------------------------------------

--
-- 表的结构 `t_auth_group`
--

CREATE TABLE IF NOT EXISTS `t_auth_group` (
  `id` mediumint(8) unsigned NOT NULL AUTO_INCREMENT COMMENT '用户组id,自增主键',
  `module` varchar(20) NOT NULL DEFAULT '' COMMENT '用户组所属模块',
  `type` tinyint(4) NOT NULL DEFAULT '0' COMMENT '组类型',
  `title` char(20) NOT NULL DEFAULT '' COMMENT '用户组中文名称',
  `description` varchar(80) NOT NULL DEFAULT '' COMMENT '描述信息',
  `status` tinyint(1) NOT NULL DEFAULT '1' COMMENT '用户组状态：为1正常，为0禁用,-1为删除',
  `rules` varchar(500) NOT NULL DEFAULT '' COMMENT '用户组拥有的规则id，多个规则 , 隔开',
  PRIMARY KEY (`id`)
) ENGINE=MyISAM  DEFAULT CHARSET=utf8 AUTO_INCREMENT=4 ;

--
-- 转存表中的数据 `t_auth_group`
--

INSERT INTO `t_auth_group` (`id`, `module`, `type`, `title`, `description`, `status`, `rules`) VALUES
(1, 'admin', 1, '默认用户组', '', 1, '1,5,28,29,30,31,32,33,34,35,36,37,38,39,40,41,65,80,81,82,83,84,86,87,89,90,91,92,93,94,95,218,219,220,221,222,223,224,238,239,240,241,242,243,244,245,246'),
(2, 'admin', 1, '编辑小组', '编辑小组', 1, '1,240,241,247,248,249,250,251,252,254,255,257'),
(3, 'admin', 1, '管理小组', '管理小组', 1, '1,240,241,247,248,249,250,251,252,253,254,255,257');

-- --------------------------------------------------------

--
-- 表的结构 `t_auth_group_access`
--

CREATE TABLE IF NOT EXISTS `t_auth_group_access` (
  `uid` int(10) unsigned NOT NULL COMMENT '用户id',
  `group_id` mediumint(8) unsigned NOT NULL COMMENT '用户组id',
  UNIQUE KEY `uid_group_id` (`uid`,`group_id`),
  KEY `uid` (`uid`),
  KEY `group_id` (`group_id`)
) ENGINE=MyISAM DEFAULT CHARSET=utf8;

--
-- 转存表中的数据 `t_auth_group_access`
--

INSERT INTO `t_auth_group_access` (`uid`, `group_id`) VALUES
(2, 2),
(3, 1),
(3, 2),
(4, 1),
(4, 3),
(6, 1),
(7, 2),
(7, 3),
(8, 1),
(9, 1),
(9, 2),
(9, 3),
(10, 3),
(11, 2);

-- --------------------------------------------------------

--
-- 表的结构 `t_auth_rule`
--

CREATE TABLE IF NOT EXISTS `t_auth_rule` (
  `id` mediumint(8) unsigned NOT NULL AUTO_INCREMENT COMMENT '规则id,自增主键',
  `module` varchar(20) NOT NULL COMMENT '规则所属module',
  `type` tinyint(2) NOT NULL DEFAULT '1' COMMENT '1-url;2-主菜单',
  `name` char(80) NOT NULL DEFAULT '' COMMENT '规则唯一英文标识',
  `title` char(20) NOT NULL DEFAULT '' COMMENT '规则中文描述',
  `status` tinyint(1) NOT NULL DEFAULT '1' COMMENT '是否有效(0:无效,1:有效)',
  `condition` varchar(300) NOT NULL DEFAULT '' COMMENT '规则附加条件',
  PRIMARY KEY (`id`),
  KEY `module` (`module`,`status`,`type`)
) ENGINE=MyISAM  DEFAULT CHARSET=utf8 AUTO_INCREMENT=264 ;

--
-- 转存表中的数据 `t_auth_rule`
--

INSERT INTO `t_auth_rule` (`id`, `module`, `type`, `name`, `title`, `status`, `condition`) VALUES
(1, 'admin', 2, 'Admin/Index/index', '首页', 1, ''),
(2, 'admin', 2, 'Admin/Article/index', '内容', -1, ''),
(3, 'admin', 2, 'Admin/User/index', '后台用户', -1, ''),
(4, 'admin', 2, 'Admin/Addons/index', '扩展', -1, ''),
(5, 'admin', 2, 'Admin/Config/group', '系统', 1, ''),
(7, 'admin', 1, 'Admin/article/add', '新增', -1, ''),
(8, 'admin', 1, 'Admin/article/edit', '编辑', -1, ''),
(9, 'admin', 1, 'Admin/article/setStatus', '改变状态', -1, ''),
(10, 'admin', 1, 'Admin/article/update', '保存', -1, ''),
(11, 'admin', 1, 'Admin/article/autoSave', '保存草稿', -1, ''),
(12, 'admin', 1, 'Admin/article/move', '移动', -1, ''),
(13, 'admin', 1, 'Admin/article/copy', '复制', -1, ''),
(14, 'admin', 1, 'Admin/article/paste', '粘贴', -1, ''),
(15, 'admin', 1, 'Admin/article/permit', '还原', -1, ''),
(16, 'admin', 1, 'Admin/article/clear', '清空', -1, ''),
(17, 'admin', 1, 'Admin/article/examine', '审核列表', -1, ''),
(18, 'admin', 1, 'Admin/article/recycle', '回收站', -1, ''),
(19, 'admin', 1, 'Admin/User/addaction', '新增用户行为', -1, ''),
(20, 'admin', 1, 'Admin/User/editaction', '编辑用户行为', -1, ''),
(21, 'admin', 1, 'Admin/User/saveAction', '保存用户行为', -1, ''),
(22, 'admin', 1, 'Admin/User/setStatus', '变更行为状态', -1, ''),
(23, 'admin', 1, 'Admin/User/changeStatus?method=forbidUser', '禁用会员', -1, ''),
(24, 'admin', 1, 'Admin/User/changeStatus?method=resumeUser', '启用会员', -1, ''),
(25, 'admin', 1, 'Admin/User/changeStatus?method=deleteUser', '删除会员', -1, ''),
(26, 'admin', 1, 'Admin/User/index', '用户信息', -1, ''),
(27, 'admin', 1, 'Admin/User/action', '用户行为', -1, ''),
(28, 'admin', 1, 'Admin/Authmanager/changeStatus?method=deleteGroup', '删除', 1, ''),
(29, 'admin', 1, 'Admin/Authmanager/changeStatus?method=forbidGroup', '禁用', 1, ''),
(30, 'admin', 1, 'Admin/Authmanager/changeStatus?method=resumeGroup', '恢复', 1, ''),
(31, 'admin', 1, 'Admin/Authmanager/createGroup', '新增', 1, ''),
(32, 'admin', 1, 'Admin/Authmanager/editGroup', '编辑', 1, ''),
(33, 'admin', 1, 'Admin/Authmanager/writeGroup', '保存用户组', 1, ''),
(34, 'admin', 1, 'Admin/Authmanager/group', '授权', 1, ''),
(35, 'admin', 1, 'Admin/Authmanager/access', '访问授权', 1, ''),
(36, 'admin', 1, 'Admin/Authmanager/user', '成员授权', 1, ''),
(37, 'admin', 1, 'Admin/Authmanager/removeFromGroup', '解除授权', 1, ''),
(38, 'admin', 1, 'Admin/Authmanager/addToGroup', '保存成员授权', 1, ''),
(39, 'admin', 1, 'Admin/Authmanager/category', '分类授权', 1, ''),
(40, 'admin', 1, 'Admin/AuthManager/addToCategory', '保存分类授权', 1, ''),
(41, 'admin', 1, 'Admin/Authmanager/index', '权限管理', 1, ''),
(42, 'admin', 1, 'Admin/Addons/create', '创建', 1, ''),
(43, 'admin', 1, 'Admin/Addons/checkForm', '检测创建', 1, ''),
(44, 'admin', 1, 'Admin/Addons/preview', '预览', 1, ''),
(45, 'admin', 1, 'Admin/Addons/build', '快速生成插件', 1, ''),
(46, 'admin', 1, 'Admin/Addons/config', '设置', 1, ''),
(47, 'admin', 1, 'Admin/Addons/disable', '禁用', 1, ''),
(48, 'admin', 1, 'Admin/Addons/enable', '启用', 1, ''),
(49, 'admin', 1, 'Admin/Addons/install', '安装', 1, ''),
(50, 'admin', 1, 'Admin/Addons/uninstall', '卸载', 1, ''),
(51, 'admin', 1, 'Admin/Addons/saveconfig', '更新配置', 1, ''),
(52, 'admin', 1, 'Admin/Addons/adminList', '插件后台列表', 1, ''),
(53, 'admin', 1, 'Admin/Addons/execute', 'URL方式访问插件', 1, ''),
(54, 'admin', 1, 'Admin/Addons/index', '插件管理', 1, ''),
(55, 'admin', 1, 'Admin/Addons/hooks', '钩子管理', 1, ''),
(56, 'admin', 1, 'Admin/model/add', '新增', 1, ''),
(57, 'admin', 1, 'Admin/model/edit', '编辑', 1, ''),
(58, 'admin', 1, 'Admin/model/setStatus', '改变状态', 1, ''),
(59, 'admin', 1, 'Admin/model/update', '保存数据', 1, ''),
(60, 'admin', 1, 'Admin/Model/index', '模型管理', -1, ''),
(61, 'admin', 1, 'Admin/Config/edit', '编辑', 1, ''),
(62, 'admin', 1, 'Admin/Config/del', '删除', 1, ''),
(63, 'admin', 1, 'Admin/Config/add', '新增', 1, ''),
(64, 'admin', 1, 'Admin/Config/save', '保存', 1, ''),
(65, 'admin', 1, 'Admin/Config/group', '网站设置', 1, ''),
(66, 'admin', 1, 'Admin/Config/index', '配置管理', -1, ''),
(67, 'admin', 1, 'Admin/Channel/add', '新增', 1, ''),
(68, 'admin', 1, 'Admin/Channel/edit', '编辑', 1, ''),
(69, 'admin', 1, 'Admin/Channel/del', '删除', 1, ''),
(70, 'admin', 1, 'Admin/Channel/index', '导航管理', -1, ''),
(71, 'admin', 1, 'Admin/Category/edit', '编辑', 1, ''),
(72, 'admin', 1, 'Admin/Category/add', '新增', 1, ''),
(73, 'admin', 1, 'Admin/Category/remove', '删除', 1, ''),
(74, 'admin', 1, 'Admin/Category/index', '分类管理', -1, ''),
(75, 'admin', 1, 'Admin/file/upload', '上传控件', -1, ''),
(76, 'admin', 1, 'Admin/file/uploadPicture', '上传图片', -1, ''),
(77, 'admin', 1, 'Admin/file/download', '下载', -1, ''),
(94, 'admin', 1, 'Admin/Authmanager/modelauth', '模型授权', 1, ''),
(79, 'admin', 1, 'Admin/article/batchOperate', '导入', -1, ''),
(80, 'admin', 1, 'Admin/Database/index?type=export', '备份数据库', 1, ''),
(81, 'admin', 1, 'Admin/Database/index?type=import', '还原数据库', 1, ''),
(82, 'admin', 1, 'Admin/Database/export', '备份', 1, ''),
(83, 'admin', 1, 'Admin/Database/optimize', '优化表', 1, ''),
(84, 'admin', 1, 'Admin/Database/repair', '修复表', 1, ''),
(86, 'admin', 1, 'Admin/Database/import', '恢复', 1, ''),
(87, 'admin', 1, 'Admin/Database/del', '删除', 1, ''),
(88, 'admin', 1, 'Admin/User/add', '新增用户', -1, ''),
(89, 'admin', 1, 'Admin/Attribute/index', '属性管理', -1, ''),
(90, 'admin', 1, 'Admin/Attribute/add', '新增', 1, ''),
(91, 'admin', 1, 'Admin/Attribute/edit', '编辑', 1, ''),
(92, 'admin', 1, 'Admin/Attribute/setStatus', '改变状态', 1, ''),
(93, 'admin', 1, 'Admin/Attribute/update', '保存数据', 1, ''),
(95, 'admin', 1, 'Admin/Authmanager/addToModel', '保存模型授权', 1, ''),
(96, 'admin', 1, 'Admin/Category/move', '移动', -1, ''),
(97, 'admin', 1, 'Admin/Category/merge', '合并', -1, ''),
(98, 'admin', 1, 'Admin/Config/menu', '后台菜单管理', -1, ''),
(99, 'admin', 1, 'Admin/Article/mydocument', '内容', -1, ''),
(100, 'admin', 1, 'Admin/Menu/index', '菜单管理', -1, ''),
(101, 'admin', 1, 'Admin/other', '其他', -1, ''),
(102, 'admin', 1, 'Admin/Menu/add', '新增', 1, ''),
(103, 'admin', 1, 'Admin/Menu/edit', '编辑', 1, ''),
(104, 'admin', 1, 'Admin/Think/lists?model=article', '文章管理', -1, ''),
(105, 'admin', 1, 'Admin/Think/lists?model=download', '下载管理', -1, ''),
(106, 'admin', 1, 'Admin/Think/lists?model=config', '配置管理', -1, ''),
(107, 'admin', 1, 'Admin/Action/actionlog', '行为日志', -1, ''),
(108, 'admin', 1, 'Admin/User/updatePassword', '修改密码', -1, ''),
(109, 'admin', 1, 'Admin/User/updateNickname', '修改昵称', -1, ''),
(110, 'admin', 1, 'Admin/action/edit', '查看行为日志', 1, ''),
(205, 'admin', 1, 'Admin/think/add', '新增数据', 1, ''),
(111, 'admin', 2, 'Admin/article/index', '文档列表', -1, ''),
(112, 'admin', 2, 'Admin/article/add', '新增', -1, ''),
(113, 'admin', 2, 'Admin/article/edit', '编辑', -1, ''),
(114, 'admin', 2, 'Admin/article/setStatus', '改变状态', -1, ''),
(115, 'admin', 2, 'Admin/article/update', '保存', -1, ''),
(116, 'admin', 2, 'Admin/article/autoSave', '保存草稿', -1, ''),
(117, 'admin', 2, 'Admin/article/move', '移动', -1, ''),
(118, 'admin', 2, 'Admin/article/copy', '复制', -1, ''),
(119, 'admin', 2, 'Admin/article/paste', '粘贴', -1, ''),
(120, 'admin', 2, 'Admin/article/batchOperate', '导入', -1, ''),
(121, 'admin', 2, 'Admin/article/recycle', '回收站', -1, ''),
(122, 'admin', 2, 'Admin/article/permit', '还原', -1, ''),
(123, 'admin', 2, 'Admin/article/clear', '清空', -1, ''),
(124, 'admin', 2, 'Admin/User/add', '新增用户', -1, ''),
(125, 'admin', 2, 'Admin/User/action', '用户行为', -1, ''),
(126, 'admin', 2, 'Admin/User/addAction', '新增用户行为', -1, ''),
(127, 'admin', 2, 'Admin/User/editAction', '编辑用户行为', -1, ''),
(128, 'admin', 2, 'Admin/User/saveAction', '保存用户行为', -1, ''),
(129, 'admin', 2, 'Admin/User/setStatus', '变更行为状态', -1, ''),
(130, 'admin', 2, 'Admin/User/changeStatus?method=forbidUser', '禁用会员', -1, ''),
(131, 'admin', 2, 'Admin/User/changeStatus?method=resumeUser', '启用会员', -1, ''),
(132, 'admin', 2, 'Admin/User/changeStatus?method=deleteUser', '删除会员', -1, ''),
(133, 'admin', 2, 'Admin/AuthManager/index', '权限管理', -1, ''),
(134, 'admin', 2, 'Admin/AuthManager/changeStatus?method=deleteGroup', '删除', -1, ''),
(135, 'admin', 2, 'Admin/AuthManager/changeStatus?method=forbidGroup', '禁用', -1, ''),
(136, 'admin', 2, 'Admin/AuthManager/changeStatus?method=resumeGroup', '恢复', -1, ''),
(137, 'admin', 2, 'Admin/AuthManager/createGroup', '新增', -1, ''),
(138, 'admin', 2, 'Admin/AuthManager/editGroup', '编辑', -1, ''),
(139, 'admin', 2, 'Admin/AuthManager/writeGroup', '保存用户组', -1, ''),
(140, 'admin', 2, 'Admin/AuthManager/group', '授权', -1, ''),
(141, 'admin', 2, 'Admin/AuthManager/access', '访问授权', -1, ''),
(142, 'admin', 2, 'Admin/AuthManager/user', '成员授权', -1, ''),
(143, 'admin', 2, 'Admin/AuthManager/removeFromGroup', '解除授权', -1, ''),
(144, 'admin', 2, 'Admin/AuthManager/addToGroup', '保存成员授权', -1, ''),
(145, 'admin', 2, 'Admin/AuthManager/category', '分类授权', -1, ''),
(146, 'admin', 2, 'Admin/AuthManager/addToCategory', '保存分类授权', -1, ''),
(147, 'admin', 2, 'Admin/AuthManager/modelauth', '模型授权', -1, ''),
(148, 'admin', 2, 'Admin/AuthManager/addToModel', '保存模型授权', -1, ''),
(149, 'admin', 2, 'Admin/Addons/create', '创建', -1, ''),
(150, 'admin', 2, 'Admin/Addons/checkForm', '检测创建', -1, ''),
(151, 'admin', 2, 'Admin/Addons/preview', '预览', -1, ''),
(152, 'admin', 2, 'Admin/Addons/build', '快速生成插件', -1, ''),
(153, 'admin', 2, 'Admin/Addons/config', '设置', -1, ''),
(154, 'admin', 2, 'Admin/Addons/disable', '禁用', -1, ''),
(155, 'admin', 2, 'Admin/Addons/enable', '启用', -1, ''),
(156, 'admin', 2, 'Admin/Addons/install', '安装', -1, ''),
(157, 'admin', 2, 'Admin/Addons/uninstall', '卸载', -1, ''),
(158, 'admin', 2, 'Admin/Addons/saveconfig', '更新配置', -1, ''),
(159, 'admin', 2, 'Admin/Addons/adminList', '插件后台列表', -1, ''),
(160, 'admin', 2, 'Admin/Addons/execute', 'URL方式访问插件', -1, ''),
(161, 'admin', 2, 'Admin/Addons/hooks', '钩子管理', -1, ''),
(162, 'admin', 2, 'Admin/Model/index', '模型管理', -1, ''),
(163, 'admin', 2, 'Admin/model/add', '新增', -1, ''),
(164, 'admin', 2, 'Admin/model/edit', '编辑', -1, ''),
(165, 'admin', 2, 'Admin/model/setStatus', '改变状态', -1, ''),
(166, 'admin', 2, 'Admin/model/update', '保存数据', -1, ''),
(167, 'admin', 2, 'Admin/Attribute/index', '属性管理', -1, ''),
(168, 'admin', 2, 'Admin/Attribute/add', '新增', -1, ''),
(169, 'admin', 2, 'Admin/Attribute/edit', '编辑', -1, ''),
(170, 'admin', 2, 'Admin/Attribute/setStatus', '改变状态', -1, ''),
(171, 'admin', 2, 'Admin/Attribute/update', '保存数据', -1, ''),
(172, 'admin', 2, 'Admin/Config/index', '配置管理', -1, ''),
(173, 'admin', 2, 'Admin/Config/edit', '编辑', -1, ''),
(174, 'admin', 2, 'Admin/Config/del', '删除', -1, ''),
(175, 'admin', 2, 'Admin/Config/add', '新增', -1, ''),
(176, 'admin', 2, 'Admin/Config/save', '保存', -1, ''),
(177, 'admin', 2, 'Admin/Menu/index', '菜单管理', -1, ''),
(178, 'admin', 2, 'Admin/Channel/index', '导航管理', -1, ''),
(179, 'admin', 2, 'Admin/Channel/add', '新增', -1, ''),
(180, 'admin', 2, 'Admin/Channel/edit', '编辑', -1, ''),
(181, 'admin', 2, 'Admin/Channel/del', '删除', -1, ''),
(182, 'admin', 2, 'Admin/Category/index', '分类管理', -1, ''),
(183, 'admin', 2, 'Admin/Category/edit', '编辑', -1, ''),
(184, 'admin', 2, 'Admin/Category/add', '新增', -1, ''),
(185, 'admin', 2, 'Admin/Category/remove', '删除', -1, ''),
(186, 'admin', 2, 'Admin/Category/move', '移动', -1, ''),
(187, 'admin', 2, 'Admin/Category/merge', '合并', -1, ''),
(188, 'admin', 2, 'Admin/Database/index?type=export', '备份数据库', -1, ''),
(189, 'admin', 2, 'Admin/Database/export', '备份', -1, ''),
(190, 'admin', 2, 'Admin/Database/optimize', '优化表', -1, ''),
(191, 'admin', 2, 'Admin/Database/repair', '修复表', -1, ''),
(192, 'admin', 2, 'Admin/Database/index?type=import', '还原数据库', -1, ''),
(193, 'admin', 2, 'Admin/Database/import', '恢复', -1, ''),
(194, 'admin', 2, 'Admin/Database/del', '删除', -1, ''),
(195, 'admin', 2, 'Admin/other', '其他', -1, ''),
(196, 'admin', 2, 'Admin/Menu/add', '新增', -1, ''),
(197, 'admin', 2, 'Admin/Menu/edit', '编辑', -1, ''),
(198, 'admin', 2, 'Admin/Think/lists?model=article', '应用', -1, ''),
(199, 'admin', 2, 'Admin/Think/lists?model=download', '下载管理', -1, ''),
(200, 'admin', 2, 'Admin/Think/lists?model=config', '应用', -1, ''),
(201, 'admin', 2, 'Admin/Action/actionlog', '行为日志', -1, ''),
(202, 'admin', 2, 'Admin/User/updatePassword', '修改密码', -1, ''),
(203, 'admin', 2, 'Admin/User/updateNickname', '修改昵称', -1, ''),
(204, 'admin', 2, 'Admin/action/edit', '查看行为日志', -1, ''),
(206, 'admin', 1, 'Admin/think/edit', '编辑数据', 1, ''),
(207, 'admin', 1, 'Admin/Menu/import', '导入', 1, ''),
(208, 'admin', 1, 'Admin/Model/generate', '生成', 1, ''),
(209, 'admin', 1, 'Admin/Addons/addHook', '新增钩子', 1, ''),
(210, 'admin', 1, 'Admin/Addons/edithook', '编辑钩子', 1, ''),
(211, 'admin', 1, 'Admin/Article/sort', '文档排序', -1, ''),
(212, 'admin', 1, 'Admin/Config/sort', '排序', 1, ''),
(213, 'admin', 1, 'Admin/Menu/sort', '排序', 1, ''),
(214, 'admin', 1, 'Admin/Channel/sort', '排序', 1, ''),
(215, 'admin', 1, 'Admin/Category/operate/type/move', '移动', 1, ''),
(216, 'admin', 1, 'Admin/Category/operate/type/merge', '合并', 1, ''),
(217, 'admin', 1, 'Admin/think/lists', '数据列表', 1, '');

-- --------------------------------------------------------

--
-- 表的结构 `t_blockdetail`
--

CREATE TABLE IF NOT EXISTS `t_blockdetail` (
  `id` int(10) unsigned NOT NULL AUTO_INCREMENT COMMENT '主键',
  `blockid` int(10) NOT NULL COMMENT '板块ID',
  `details` text NOT NULL,
  `status` int(10) NOT NULL COMMENT '是否启用',
  `addtime` int(10) NOT NULL COMMENT '添加时间',
  `ordernum` int(10) NOT NULL COMMENT '显示顺序',
  PRIMARY KEY (`id`)
) ENGINE=MyISAM DEFAULT CHARSET=utf8 ROW_FORMAT=DYNAMIC AUTO_INCREMENT=1 ;

-- --------------------------------------------------------

--
-- 表的结构 `t_blocklist`
--

CREATE TABLE IF NOT EXISTS `t_blocklist` (
  `id` int(10) unsigned NOT NULL AUTO_INCREMENT COMMENT '主键',
  `title` varchar(255) NOT NULL COMMENT '标题',
  `fieldlist` varchar(1000) NOT NULL COMMENT '字段列表',
  `pageid` int(10) NOT NULL COMMENT '页面ID',
  `details` text NOT NULL COMMENT '数据详情',
  `titlelist` varchar(1000) NOT NULL COMMENT '标题列表',
  `addtime` int(10) NOT NULL COMMENT '添加时间',
  `blockurl` varchar(255) NOT NULL COMMENT '板块路径',
  `list_grid` text NOT NULL COMMENT '列表定义',
  PRIMARY KEY (`id`)
) ENGINE=MyISAM DEFAULT CHARSET=utf8 ROW_FORMAT=DYNAMIC AUTO_INCREMENT=1 ;

-- --------------------------------------------------------

--
-- 表的结构 `t_config`
--

CREATE TABLE IF NOT EXISTS `t_config` (
  `id` int(10) unsigned NOT NULL AUTO_INCREMENT COMMENT '配置ID',
  `name` varchar(30) NOT NULL DEFAULT '' COMMENT '配置名称',
  `type` tinyint(3) unsigned NOT NULL DEFAULT '0' COMMENT '配置类型',
  `title` varchar(50) NOT NULL DEFAULT '' COMMENT '配置说明',
  `group` tinyint(3) unsigned NOT NULL DEFAULT '0' COMMENT '配置分组',
  `extra` varchar(255) NOT NULL DEFAULT '' COMMENT '配置值',
  `remark` varchar(100) NOT NULL DEFAULT '' COMMENT '配置说明',
  `create_time` int(10) unsigned NOT NULL DEFAULT '0' COMMENT '创建时间',
  `update_time` int(10) unsigned NOT NULL DEFAULT '0' COMMENT '更新时间',
  `status` tinyint(4) NOT NULL DEFAULT '0' COMMENT '状态',
  `value` text COMMENT '配置值',
  `sort` smallint(3) unsigned NOT NULL DEFAULT '0' COMMENT '排序',
  PRIMARY KEY (`id`),
  UNIQUE KEY `uk_name` (`name`),
  KEY `type` (`type`),
  KEY `group` (`group`)
) ENGINE=MyISAM  DEFAULT CHARSET=utf8 AUTO_INCREMENT=45 ;

--
-- 转存表中的数据 `t_config`
--

INSERT INTO `t_config` (`id`, `name`, `type`, `title`, `group`, `extra`, `remark`, `create_time`, `update_time`, `status`, `value`, `sort`) VALUES
(1, 'WEB_SITE_TITLE', 1, '网站标题', 1, '', '网站标题前台显示标题', 1378898976, 1379235274, 1, '迅雷MAC应用市场', 0),
(2, 'WEB_SITE_DESCRIPTION', 2, '网站描述', 1, '', '网站搜索引擎描述', 1378898976, 1379235841, 1, '迅雷MAC应用市场', 1),
(3, 'WEB_SITE_KEYWORD', 2, '网站关键字', 1, '', '网站搜索引擎关键字', 1378898976, 1381390100, 1, '迅雷MAC应用市场', 8),
(4, 'WEB_SITE_CLOSE', 4, '关闭站点', 1, '0:关闭,1:开启', '站点关闭后其他用户不能访问，管理员可以正常访问', 1378898976, 1379235296, 1, '1', 1),
(9, 'CONFIG_TYPE_LIST', 3, '配置类型列表', 4, '', '主要用于数据解析和页面表单的生成', 1378898976, 1379235348, 1, '0:数字\r\n1:字符\r\n2:文本\r\n3:数组\r\n4:枚举', 2),
(10, 'WEB_SITE_ICP', 1, '网站备案号', 1, '', '设置在网站底部显示的备案号，如“沪ICP备12007941号-2', 1378900335, 1379235859, 1, '', 9),
(11, 'DOCUMENT_POSITION', 3, '文档推荐位', 2, '', '文档推荐位，推荐到多个位置KEY值相加即可', 1379053380, 1379235329, 1, '1:列表推荐\r\n2:频道推荐\r\n4:首页推荐', 3),
(12, 'DOCUMENT_DISPLAY', 3, '文档可见性', 2, '', '文章可见性仅影响前台显示，后台不收影响', 1379056370, 1379235322, 1, '0:所有人可见\r\n1:仅注册会员可见\r\n2:仅管理员可见', 4),
(13, 'COLOR_STYLE', 4, '后台色系', 1, 'default_color:默认\r\nblue_color:紫罗兰', '后台颜色风格', 1379122533, 1379235904, 1, 'default_color', 10),
(20, 'CONFIG_GROUP_LIST', 3, '配置分组', 4, '', '配置分组', 1379228036, 1489931405, 1, '1:基本\r\n2:内容\r\n3:用户\r\n4:系统\r\n5:自定义', 4),
(21, 'HOOKS_TYPE', 3, '钩子的类型', 4, '', '类型 1-用于扩展显示内容，2-用于扩展业务处理', 1379313397, 1379313407, 1, '1:视图\r\n2:控制器', 6),
(22, 'AUTH_CONFIG', 3, 'Auth配置', 4, '', '自定义Auth.class.php类配置', 1379409310, 1379409564, 1, 'AUTH_ON:1\r\nAUTH_TYPE:2', 8),
(23, 'OPEN_DRAFTBOX', 4, '是否开启草稿功能', 2, '0:关闭草稿功能\r\n1:开启草稿功能\r\n', '新增文章时的草稿功能配置', 1379484332, 1379484591, 1, '1', 1),
(24, 'DRAFT_AOTOSAVE_INTERVAL', 0, '自动保存草稿时间', 2, '', '自动保存草稿的时间间隔，单位：秒', 1379484574, 1386143323, 1, '60', 2),
(25, 'LIST_ROWS', 0, '后台每页记录数', 2, '', '后台数据每页显示记录数', 1379503896, 1380427745, 1, '10', 10),
(26, 'USER_ALLOW_REGISTER', 4, '是否允许用户注册', 3, '0:关闭注册\r\n1:允许注册', '是否开放用户注册', 1379504487, 1379504580, 1, '0', 3),
(27, 'CODEMIRROR_THEME', 4, '预览插件的CodeMirror主题', 4, '3024-day:3024 day\r\n3024-night:3024 night\r\nambiance:ambiance\r\nbase16-dark:base16 dark\r\nbase16-light:base16 light\r\nblackboard:blackboard\r\ncobalt:cobalt\r\neclipse:eclipse\r\nelegant:elegant\r\nerlang-dark:erlang-dark\r\nlesser-dark:lesser-dark\r\nmidnight:midnight', '详情见CodeMirror官网', 1379814385, 1384740813, 1, 'ambiance', 3),
(28, 'DATA_BACKUP_PATH', 1, '数据库备份根路径', 4, '', '路径必须以 / 结尾', 1381482411, 1381482411, 1, '../Backup/', 5),
(29, 'DATA_BACKUP_PART_SIZE', 0, '数据库备份卷大小', 4, '', '该值用于限制压缩后的分卷最大长度。单位：B；建议设置20M', 1381482488, 1381729564, 1, '20971520', 7),
(30, 'DATA_BACKUP_COMPRESS', 4, '数据库备份文件是否启用压缩', 4, '0:不压缩\r\n1:启用压缩', '压缩备份文件需要PHP环境支持gzopen,gzwrite函数', 1381713345, 1381729544, 1, '1', 9),
(31, 'DATA_BACKUP_COMPRESS_LEVEL', 4, '数据库备份文件压缩级别', 4, '1:普通\r\n4:一般\r\n9:最高', '数据库备份文件的压缩级别，该配置在开启压缩时生效', 1381713408, 1381713408, 1, '9', 10),
(32, 'DEVELOP_MODE', 4, '开启开发者模式', 4, '0:关闭\r\n1:开启', '是否开启开发者模式', 1383105995, 1383291877, 1, '1', 11),
(33, 'ALLOW_VISIT', 3, '不受限控制器方法', 0, '', '', 1386644047, 1386644741, 1, '0:article/draftbox\r\n1:article/mydocument\r\n2:Category/tree\r\n3:Index/verify\r\n4:file/upload\r\n5:file/download\r\n6:user/updatePassword\r\n7:user/updateNickname\r\n8:user/submitPassword\r\n9:user/submitNickname\r\n10:file/uploadpicture', 0),
(34, 'DENY_VISIT', 3, '超管专限控制器方法', 0, '', '仅超级管理员可访问的控制器方法', 1386644141, 1386644659, 1, '0:Addons/addhook\r\n1:Addons/edithook\r\n2:Addons/delhook\r\n3:Addons/updateHook\r\n4:Admin/getMenus\r\n5:Admin/recordList\r\n6:AuthManager/updateRules\r\n7:AuthManager/tree', 0),
(35, 'REPLY_LIST_ROWS', 0, '回复列表每页条数', 2, '', '', 1386645376, 1387178083, 1, '10', 0),
(36, 'ADMIN_ALLOW_IP', 2, '后台允许访问IP', 4, '', '多个用逗号分隔，如果不配置表示不限制IP访问', 1387165454, 1387165553, 1, '', 12),
(37, 'SHOW_PAGE_TRACE', 4, '是否显示页面Trace', 4, '0:关闭\r\n1:开启', '是否显示页面Trace信息', 1387165685, 1387165685, 1, '0', 1),
(40, 'WEB_SITE_HOME_URL', 1, '网站地址', 5, '', '', 1489932355, 1490351266, 1, 'http://mac.xunlei.com/', 2);

-- --------------------------------------------------------

--
-- 表的结构 `t_file`
--

CREATE TABLE IF NOT EXISTS `t_file` (
  `id` int(10) unsigned NOT NULL AUTO_INCREMENT COMMENT '文件ID',
  `name` char(30) NOT NULL DEFAULT '' COMMENT '原始文件名',
  `savename` char(20) NOT NULL DEFAULT '' COMMENT '保存名称',
  `savepath` char(30) NOT NULL DEFAULT '' COMMENT '文件保存路径',
  `ext` char(5) NOT NULL DEFAULT '' COMMENT '文件后缀',
  `mime` char(40) NOT NULL DEFAULT '' COMMENT '文件mime类型',
  `size` int(10) unsigned NOT NULL DEFAULT '0' COMMENT '文件大小',
  `md5` char(32) NOT NULL DEFAULT '' COMMENT '文件md5',
  `sha1` char(40) NOT NULL DEFAULT '' COMMENT '文件 sha1编码',
  `location` tinyint(3) unsigned NOT NULL DEFAULT '0' COMMENT '文件保存位置',
  `url` varchar(255) NOT NULL DEFAULT '' COMMENT '远程地址',
  `create_time` int(10) unsigned NOT NULL DEFAULT '0' COMMENT '上传时间',
  PRIMARY KEY (`id`),
  UNIQUE KEY `uk_md5` (`md5`)
) ENGINE=MyISAM DEFAULT CHARSET=utf8 COMMENT='文件表' AUTO_INCREMENT=1 ;

-- --------------------------------------------------------

--
-- 表的结构 `t_hooks`
--

CREATE TABLE IF NOT EXISTS `t_hooks` (
  `id` int(10) unsigned NOT NULL AUTO_INCREMENT COMMENT '主键',
  `name` varchar(40) NOT NULL DEFAULT '' COMMENT '钩子名称',
  `description` text COMMENT '描述',
  `type` tinyint(1) unsigned NOT NULL DEFAULT '1' COMMENT '类型',
  `update_time` int(10) unsigned NOT NULL DEFAULT '0' COMMENT '更新时间',
  `addons` varchar(255) NOT NULL DEFAULT '' COMMENT '钩子挂载的插件 ''，''分割',
  `status` tinyint(1) unsigned NOT NULL DEFAULT '1',
  PRIMARY KEY (`id`),
  UNIQUE KEY `name` (`name`)
) ENGINE=MyISAM  DEFAULT CHARSET=utf8 AUTO_INCREMENT=17 ;

--
-- 转存表中的数据 `t_hooks`
--

INSERT INTO `t_hooks` (`id`, `name`, `description`, `type`, `update_time`, `addons`, `status`) VALUES
(1, 'pageHeader', '页面header钩子，一般用于加载插件CSS文件和代码', 1, 0, '', 1),
(2, 'pageFooter', '页面footer钩子，一般用于加载插件JS文件和JS代码', 1, 0, 'ReturnTop', 1),
(3, 'documentEditForm', '添加编辑表单的 扩展内容钩子', 1, 0, 'Attachment', 1),
(4, 'documentDetailAfter', '文档末尾显示', 1, 0, 'Attachment,SocialComment', 1),
(5, 'documentDetailBefore', '页面内容前显示用钩子', 1, 0, '', 1),
(6, 'documentSaveComplete', '保存文档数据后的扩展钩子', 2, 0, 'Attachment', 1),
(7, 'documentEditFormContent', '添加编辑表单的内容显示钩子', 1, 0, 'Editor', 1),
(8, 'adminArticleEdit', '后台内容编辑页编辑器', 1, 1378982734, 'EditorForAdmin', 1),
(13, 'AdminIndex', '首页小格子个性化显示', 1, 1382596073, 'DevTeam,SystemInfo', 1),
(14, 'topicComment', '评论提交方式扩展钩子。', 1, 1380163518, 'Editor', 1);

-- --------------------------------------------------------

--
-- 表的结构 `t_menu`
--

CREATE TABLE IF NOT EXISTS `t_menu` (
  `id` int(10) unsigned NOT NULL AUTO_INCREMENT COMMENT '文档ID',
  `title` varchar(50) NOT NULL DEFAULT '' COMMENT '标题',
  `pid` int(10) unsigned NOT NULL DEFAULT '0' COMMENT '上级分类ID',
  `sort` int(10) unsigned NOT NULL DEFAULT '0' COMMENT '排序（同级有效）',
  `url` char(255) NOT NULL DEFAULT '' COMMENT '链接地址',
  `hide` tinyint(1) unsigned NOT NULL DEFAULT '0' COMMENT '是否隐藏',
  `tip` varchar(255) NOT NULL DEFAULT '' COMMENT '提示',
  `group` varchar(50) DEFAULT '' COMMENT '分组',
  `is_dev` tinyint(1) unsigned NOT NULL DEFAULT '0' COMMENT '是否仅开发者模式可见',
  `status` tinyint(1) NOT NULL DEFAULT '0' COMMENT '状态',
  PRIMARY KEY (`id`),
  KEY `pid` (`pid`),
  KEY `status` (`status`)
) ENGINE=MyISAM  DEFAULT CHARSET=utf8 AUTO_INCREMENT=154 ;

--
-- 转存表中的数据 `t_menu`
--

INSERT INTO `t_menu` (`id`, `title`, `pid`, `sort`, `url`, `hide`, `tip`, `group`, `is_dev`, `status`) VALUES
(1, '首页', 0, 1, 'Index/index', 1, '', '', 0, 1),
(16, '系统管理员', 0, 3, 'administrator/index', 0, '', '', 0, 1),
(17, '管理员列表', 16, 0, 'administrator/index', 0, '', '管理员管理', 0, 1),
(18, '新增用户', 17, 0, 'administrator/add', 0, '添加新用户', '', 0, 1),
(27, '权限管理', 16, 0, 'Authmanager/index', 0, '', '管理员管理', 0, 1),
(28, '删除', 27, 0, 'Authmanager/changeStatus?method=deleteGroup', 0, '删除用户组', '', 0, 1),
(29, '禁用', 27, 0, 'Authmanager/changeStatus?method=forbidGroup', 0, '禁用用户组', '', 0, 1),
(30, '恢复', 27, 0, 'Authmanager/changeStatus?method=resumeGroup', 0, '恢复已禁用的用户组', '', 0, 1),
(31, '新增', 27, 0, 'Authmanager/createGroup', 0, '创建新的用户组', '', 0, 1),
(32, '编辑', 27, 0, 'Authmanager/editGroup', 0, '编辑用户组名称和描述', '', 0, 1),
(33, '保存用户组', 27, 0, 'Authmanager/writeGroup', 0, '新增和编辑用户组的', '', 0, 1),
(34, '授权', 27, 0, 'Authmanager/group', 0, '', '', 0, 1),
(35, '访问授权', 27, 0, 'Authmanager/access', 0, '', '', 0, 1),
(36, '成员授权', 27, 0, 'Authmanager/user', 0, '', '', 0, 1),
(37, '解除授权', 27, 0, 'Authmanager/removeFromGroup', 0, '', '', 0, 1),
(38, '保存成员授权', 27, 0, 'Authmanager/addToGroup', 0, '', '', 0, 1),
(39, '分类授权', 27, 0, 'Authmanager/category', 0, '', '', 0, 1),
(40, '保存分类授权', 27, 0, 'AuthManager/addToCategory', 0, '"分类授权"页面的"保存"按钮', '', 0, 1),
(41, '模型授权', 27, 0, 'Authmanager/modelauth', 0, '', '', 0, 1),
(42, '保存模型授权', 27, 0, 'Authmanager/addToModel', 0, '', '', 0, 1),
(44, '插件管理', 43, 1, 'Addons/index', 0, '', '扩展', 0, 1),
(45, '创建', 44, 0, 'Addons/create', 0, '服务器上创建插件结构向导', '', 0, 1),
(46, '检测创建', 44, 0, 'Addons/checkForm', 0, '检测插件是否可以创建', '', 0, 1),
(47, '预览', 44, 0, 'Addons/preview', 0, '预览插件定义类文件', '', 0, 1),
(48, '快速生成插件', 44, 0, 'Addons/build', 0, '开始生成插件结构', '', 0, 1),
(49, '设置', 44, 0, 'Addons/config', 0, '设置插件配置', '', 0, 1),
(50, '禁用', 44, 0, 'Addons/disable', 0, '禁用插件', '', 0, 1),
(51, '启用', 44, 0, 'Addons/enable', 0, '启用插件', '', 0, 1),
(52, '安装', 44, 0, 'Addons/install', 0, '安装插件', '', 0, 1),
(53, '卸载', 44, 0, 'Addons/uninstall', 0, '卸载插件', '', 0, 1),
(54, '更新配置', 44, 0, 'Addons/saveconfig', 0, '更新插件配置处理', '', 0, 1),
(55, '插件后台列表', 44, 0, 'Addons/adminList', 0, '', '', 0, 1),
(56, 'URL方式访问插件', 44, 0, 'Addons/execute', 0, '控制是否有权限通过url访问插件控制器方法', '', 0, 1),
(57, '钩子管理', 43, 2, 'Addons/hooks', 0, '', '扩展', 0, 1),
(59, '新增', 58, 0, 'model/add', 0, '', '', 0, 1),
(60, '编辑', 58, 0, 'model/edit', 0, '', '', 0, 1),
(61, '改变状态', 58, 0, 'model/setStatus', 0, '', '', 0, 1),
(62, '保存数据', 58, 0, 'model/update', 0, '', '', 0, 1),
(64, '新增', 63, 0, 'Attribute/add', 0, '', '', 0, 1),
(65, '编辑', 63, 0, 'Attribute/edit', 0, '', '', 0, 1),
(66, '改变状态', 63, 0, 'Attribute/setStatus', 0, '', '', 0, 1),
(67, '保存数据', 63, 0, 'Attribute/update', 0, '', '', 0, 1),
(68, '系统', 0, 4, 'Config/group', 0, '', '', 0, 1),
(69, '网站设置', 68, 1, 'Config/group', 0, '', '系统设置', 0, 1),
(70, '配置管理', 68, 4, 'Config/index', 0, '', '系统设置', 1, 1),
(71, '编辑', 70, 0, 'Config/edit', 0, '新增编辑和保存配置', '', 0, 1),
(72, '删除', 70, 0, 'Config/del', 0, '删除配置', '', 0, 1),
(73, '新增', 70, 0, 'Config/add', 0, '新增配置', '', 0, 1),
(74, '保存', 70, 0, 'Config/save', 0, '保存配置', '', 0, 1),
(75, '菜单管理', 68, 5, 'Menu/index', 0, '', '系统设置', 1, 1),
(77, '新增', 76, 0, 'Channel/add', 0, '', '', 0, 1),
(78, '编辑', 76, 0, 'Channel/edit', 0, '', '', 0, 1),
(79, '删除', 76, 0, 'Channel/del', 0, '', '', 0, 1),
(81, '编辑', 80, 0, 'Category/edit', 0, '编辑和保存栏目分类', '', 0, 1),
(82, '新增', 80, 0, 'Category/add', 0, '新增栏目分类', '', 0, 1),
(83, '删除', 80, 0, 'Category/remove', 0, '删除栏目分类', '', 0, 1),
(84, '移动', 80, 0, 'Category/operate/type/move', 0, '移动栏目分类', '', 0, 1),
(85, '合并', 80, 0, 'Category/operate/type/merge', 0, '合并栏目分类', '', 0, 1),
(86, '备份数据库', 68, 0, 'Database/index?type=export', 0, '', '数据备份', 0, 1),
(87, '备份', 86, 0, 'Database/export', 0, '备份数据库', '', 0, 1),
(88, '优化表', 86, 0, 'Database/optimize', 0, '优化数据表', '', 0, 1),
(89, '修复表', 86, 0, 'Database/repair', 0, '修复数据表', '', 0, 1),
(90, '还原数据库', 68, 0, 'Database/index?type=import', 0, '', '数据备份', 0, 1),
(91, '恢复', 90, 0, 'Database/import', 0, '数据库恢复', '', 0, 1),
(92, '删除', 90, 0, 'Database/del', 0, '删除备份文件', '', 0, 1),
(96, '新增', 75, 0, 'Menu/add', 0, '', '系统设置', 0, 1),
(98, '编辑', 75, 0, 'Menu/edit', 0, '', '', 0, 1),
(108, '修改密码', 16, 0, 'administrator/updatePassword', 1, '', '', 0, 1),
(109, '修改昵称', 16, 0, 'administrator/updateNickname', 1, '', '', 0, 1),
(110, '查看行为日志', 106, 0, 'action/edit', 1, '', '', 0, 1),
(112, '新增数据', 58, 0, 'think/add', 1, '', '', 0, 1),
(113, '编辑数据', 58, 0, 'think/edit', 1, '', '', 0, 1),
(114, '导入', 75, 0, 'Menu/import', 0, '', '', 0, 1),
(115, '生成', 58, 0, 'Model/generate', 0, '', '', 0, 1),
(116, '新增钩子', 57, 0, 'Addons/addHook', 0, '', '', 0, 1),
(117, '编辑钩子', 57, 0, 'Addons/edithook', 0, '', '', 0, 1),
(119, '排序', 70, 0, 'Config/sort', 1, '', '', 0, 1),
(120, '排序', 75, 0, 'Menu/sort', 1, '', '', 0, 1),
(121, '排序', 76, 0, 'Channel/sort', 1, '', '', 0, 1),
(122, '数据列表', 58, 0, 'think/lists', 1, '', '', 0, 1),
(125, '页面列表', 124, 2, 'pagelist/index', 0, '', '页面管理', 0, 1),
(131, '新增管理员', 130, 1, 'Schooladmin/add', 1, '', '', 0, 1),
(142, '详情新增', 138, 4, 'blockdetail/add', 1, '', '', 0, 1),
(129, '新增', 125, 3, 'pagelist/add', 1, '', '', 0, 1),
(141, '详情列表', 138, 3, 'blockdetail/index', 0, '', '', 0, 1),
(133, '新增门禁', 132, 1, 'Schoolcard/add', 1, '', '', 0, 1),
(140, '编辑', 138, 2, 'blocklist/edit', 1, '', '', 0, 1),
(135, '列表', 134, 1, 'rfidatt/index', 0, '', '', 0, 1),
(139, '新增', 138, 1, 'blocklist/add', 1, '', '', 0, 1),
(138, '板块列表', 124, 1, 'blocklist/index', 0, '', '页面管理', 0, 1),
(143, '详情编辑', 138, 5, 'blockdetail/edit', 1, '', '', 0, 1),
(144, '发布页面', 124, 3, 'pagelist/publish', 1, '', '', 0, 1),
(145, '详情删除', 138, 6, 'blockdetail/delete', 0, '', '', 0, 1),
(147, '人员列表', 146, 1, 'Person/index', 0, '', '人员管理', 0, 1),
(148, '团队列表', 146, 2, 'Systemgroup/index', 0, '', '团队管理', 0, 1),
(149, '团队成员', 146, 3, 'Systemperson/index', 0, '', '团队管理', 0, 1),
(150, '项目列表', 146, 4, 'Project/index', 0, '', '项目管理', 0, 1),
(152, '任务列表', 151, 5, 'Tasklist/index', 0, '', '任务管理', 0, 1),
(153, '本周排期', 151, 1, 'Schedule/index', 0, '', '排期管理', 0, 1);

-- --------------------------------------------------------

--
-- 表的结构 `t_pagelist`
--

CREATE TABLE IF NOT EXISTS `t_pagelist` (
  `id` int(10) unsigned NOT NULL AUTO_INCREMENT COMMENT '主键',
  `title` varchar(255) NOT NULL COMMENT '页面名称',
  `weburl` varchar(255) NOT NULL COMMENT '页面链接',
  `addtime` int(10) NOT NULL,
  PRIMARY KEY (`id`)
) ENGINE=MyISAM DEFAULT CHARSET=utf8 ROW_FORMAT=DYNAMIC AUTO_INCREMENT=1 ;

-- --------------------------------------------------------

--
-- 表的结构 `t_picture`
--

CREATE TABLE IF NOT EXISTS `t_picture` (
  `id` int(10) unsigned NOT NULL AUTO_INCREMENT COMMENT '主键id自增',
  `path` varchar(255) NOT NULL DEFAULT '' COMMENT '路径',
  `url` varchar(255) NOT NULL DEFAULT '' COMMENT '图片链接',
  `md5` char(32) NOT NULL DEFAULT '' COMMENT '文件md5',
  `sha1` char(40) NOT NULL DEFAULT '' COMMENT '文件 sha1编码',
  `status` tinyint(2) NOT NULL DEFAULT '0' COMMENT '状态',
  `create_time` int(10) unsigned NOT NULL DEFAULT '0' COMMENT '创建时间',
  PRIMARY KEY (`id`)
) ENGINE=MyISAM DEFAULT CHARSET=utf8 AUTO_INCREMENT=1 ;

/*!40101 SET CHARACTER_SET_CLIENT=@OLD_CHARACTER_SET_CLIENT */;
/*!40101 SET CHARACTER_SET_RESULTS=@OLD_CHARACTER_SET_RESULTS */;
/*!40101 SET COLLATION_CONNECTION=@OLD_COLLATION_CONNECTION */;
